Title,Location extracted,Species,Mean_control,SD_control,n_control,Mean_exp,SD_exp,n_exp,Error_type,Behaviour_type,Metric,Real_predator,Sex,Predation_pressure,Environment,Low_or_no_pred,Comparison_type,Adult,time_exposed_days,Sign_inverted,Notes
Altitudinal differences in foraging decisions under predation risk in great tits,"Fig.3 d, inverted",Parus_major,0.6,0.04,91,0.551,0.07,91,SE,Foraging,Proportion of vistits,1,Male,Wild,Lab,Low,WW,Both,Max,No,Taken the inverse as the control bc proportion of pred playback vs control
Altitudinal differences in foraging decisions under predation risk in great tits,"Fig.3 d, inverted",Parus_major,0.651,0.055,91,0.531,0.065,91,SE,Foraging,Proportion of vistits,1,Female,Wild,Lab,Low,WW,Both,Max,No,Taken the inverse as the control bc proportion of pred playback vs control
Anti-predator behavior in two brown frogs: differences in the mean behaviors and in the structure of animal personality variation,Table s1,Rana_dalmatina,0.19,0.07,96,0.14,0.07,96,SD,Activity,Index of activity,1,Mixed,Lab,Lab,No,CC,Juvenille,26,No,
Anti-predator behavior in two brown frogs: differences in the mean behaviors and in the structure of animal personality variation,Table s1,Rana_dalmatina,0.19,0.07,96,0.09,0.04,96,SD,Activity,Index of activity,1,Mixed,Lab,Lab,No,CC,Juvenille,26,No,
Anti-predator behavior in two brown frogs: differences in the mean behaviors and in the structure of animal personality variation,Table s1,Rana_latastei,0.13,0.04,96,0.12,0.04,96,SD,Activity,Index of activity,1,Mixed,Lab,Lab,No,CC,Juvenille,26,No,
Anti-predator behavior in two brown frogs: differences in the mean behaviors and in the structure of animal personality variation,Table s1,Rana_latastei,0.13,0.04,96,0.1,0.03,96,SD,Activity,Index of activity,1,Mixed,Lab,Lab,No,CC,Juvenille,26,No,
Anti-predator behavior in two brown frogs: differences in the mean behaviors and in the structure of animal personality variation,Table s1,Rana_dalmatina,0.67,0.26,96,0.39,0.28,96,SD,Activity,Movement speed,1,Mixed,Lab,Lab,No,CC,Juvenille,26,No,
Anti-predator behavior in two brown frogs: differences in the mean behaviors and in the structure of animal personality variation,Table s1,Rana_dalmatina,0.67,0.26,96,0.32,0.16,96,SD,Activity,Movement speed,1,Mixed,Lab,Lab,No,CC,Juvenille,26,No,
Anti-predator behavior in two brown frogs: differences in the mean behaviors and in the structure of animal personality variation,Table s1,Rana_latastei,0.29,0.14,96,0.26,0.13,96,SD,Activity,Movement speed,1,Mixed,Lab,Lab,No,CC,Juvenille,26,No,Not a mistake in mean - same value
Anti-predator behavior in two brown frogs: differences in the mean behaviors and in the structure of animal personality variation,Table s1,Rana_latastei,0.29,0.14,96,0.26,0.13,96,SD,Activity,Movement speed,1,Mixed,Lab,Lab,No,CC,Juvenille,26,No,Not a mistake in mean - same value
"Antipredator syndrome: modelling and testing behavioural, morphological and life history plasticity in tadpoles",Figure 7,Rana_dalmatina,0.65,0.62,32,-0.026,0.59,32,SD,Actvity,PCA values,1,Mixed,Lab,Lab,No,CC,Juvenille,30,No,No swiftness bc not risk taking
Behavioral adjustments to prior predation experience and food deprivation of a common cyprinid fish species vary between singletons and a group,Fig.2,Spinibarbus_sinensis,20.5,3.8,20,10.26,12.17,20,SE,Activity,Proportion,1,Mixed,Lab,Lab,No,CC,Juvenille,14,No,"No speed as not risk trait, only singles are groups are testing social conditions within the assay "
Behavioral and morphological responses to perceived predation risk: a field experiment in passerines,Fig.1,Parus_major,3.94,1.2,76,0.45,1.55,67,SE,Exploration ,Change in score,0,Mixed,Wild,Lab,No,WW,Adult,21,No,
Behavioral and life‐historical responses of larval American toads to an odonate predator,Fig.3,Bufo_americanus,25.9,2,28,16.3,4,28,SE,Activity,Mean proportion active,1,Mixed,Lab,Lab,No,WW,Juvenille,15,No,1
Behavioral and life‐historical responses of larval American toads to an odonate predator,Fig.3,Bufo_americanus,36.6,2.4,30,27.59,4.2,26,SE,Activity,Mean proportion active,1,Mixed,Lab,Lab,No,WW,Juvenille,15,No,2
Behavioral and life‐historical responses of larval American toads to an odonate predator,Fig.3,Bufo_americanus,34.96,2.9,29,20.6,3.4,27,SE,Activity,Mean proportion active,1,Mixed,Lab,Lab,No,WW,Juvenille,15,No,3
Behavioral and life‐historical responses of larval American toads to an odonate predator,Fig.3,Bufo_americanus,35.9,4.4,12,27.9,1.5,14,SE,Activity,Mean proportion active,1,Mixed,Lab,Lab,No,WW,Juvenille,15,No,4
Behavioural responses of feral and domestic guppies (Poecilia reticulata) to predators and their cues,Fig2,Poecilia_reticulata,-5.7,2.3,19,-26,12,19,SE,Emergence,Seconds,1,Male,Lab,Wild,No,WC,Adult,Max,Yes,Time hidden
Behavioural responses of feral and domestic guppies (Poecilia reticulata) to predators and their cues,Fig2,Poecilia_reticulata,-219.47,32,19,-321,74,19,SE,Sociality ,Seconds,1,Male,Lab,Wild,No,WC,Adult,Max,Yes,"Shoaling, no predator only"
Boldness in extreme environments: temperament divergence in a desert-dwelling fish,Fig.2,Chlamydogobius_eremius,-3.1,1.4,41,-3.24,1.44,41,SD,Emergence,Seconds,1,Female,Wild,Lab,No,WW,Adult,Max,Yes,
Boldness in extreme environments: temperament divergence in a desert-dwelling fish,Fig.2,Chlamydogobius_eremius,0.56,0.22,41,0.68,0.25,41,SD,Exploration ,Seconds,1,Female,Wild,Lab,No,WW,Adult,Max,No,
Boldness in extreme environments: temperament divergence in a desert-dwelling fish,Fig.2,Chlamydogobius_eremius,-56.22,90,41,-215,120,41,SD,Neophobia,Seconds,1,Female,Wild,Lab,No,WW,Adult,Max,Yes,
Boldness in extreme environments: temperament divergence in a desert-dwelling fish,Fig.2,Chlamydogobius_eremius,-3.6,1.1,41,-4.05,1.55,41,SD,Emergence,Seconds,1,Male,Wild,Lab,No,WW,Adult,Max,Yes,
Boldness in extreme environments: temperament divergence in a desert-dwelling fish,Fig.2,Chlamydogobius_eremius,0.49,0.29,41,0.65,0.3,41,SD,Exploration ,Seconds,1,Male,Wild,Lab,No,WW,Adult,Max,No,
Boldness in extreme environments: temperament divergence in a desert-dwelling fish,Fig.2,Chlamydogobius_eremius,-91.36,110,41,-258,90,41,SD,Neophobia,Seconds,1,Male,Wild,Lab,No,WW,Adult,Max,Yes,
Chemical cues from multiple predator-prey interactions induce changes in behavior and growth of anuran larvae,Fig.3  ,Rana_catesbeiana,0.35,0.03,814,0.29,0.01,814,SE,Activity,Proportion,0,Mixed,Lab,Lab,No,CC,Juvenille,N/A,No,Bluegill; 22 individuals in 37 indoor aquariums
Chemical cues from multiple predator-prey interactions induce changes in behavior and growth of anuran larvae,Fig.3  ,Rana_catesbeiana,0.35,0.03,814,0.14,0.009,814,SE,Activity,Proportion,0,Mixed,Lab,Lab,No,CC,Juvenille,N/A,No,Anax
Chemical cues from multiple predator-prey interactions induce changes in behavior and growth of anuran larvae,Fig.3  ,Rana_catesbeiana,0.35,0.03,814,0.29,0.04,814,SE,Activity,Proportion,0,Mixed,Lab,Lab,No,CC,Juvenille,N/A,No,Bluegill + Anax
Comparing behavioural syndromes across time and ecological conditions in a free-ranging predator,Fig 4 total,Negaprion_brevirostris,0.283,0.047,97,0.263,0.053,120,SD,Exploration ,Movements,1,Mixed,Wild,Wild,Low,WW,Juvenille,Max,No,
Compensatory foraging in Trinidadian guppies: Effects of acute and chronic predation threats,Fig 1a,Poecilia_reticulata,-8.18,0.5,45,-5.85,0.4,42,SE,Emergence,Seconds,1,Female,Wild,Lab,No,WW,Adult,Max,Yes,
Compensatory foraging in Trinidadian guppies: Effects of acute and chronic predation threats,Fig 1a,Poecilia_reticulata,12.56,2.74,45,12.85,2.45,42,SE,Activity,time moving,1,Female,Wild,Lab,No,WW,Adult,Max,Yes,
Compensatory foraging in Trinidadian guppies: Effects of acute and chronic predation threats,Fig 1a,Poecilia_reticulata,1.56,0.701,45,2.06,1.09,42,SE,Foraging,rate of foraging,1,Female,Wild,Lab,No,WW,Adult,Max,Yes,
Correlated behaviour and stress physiology in fish exposed to different levels of predation pressure,Fig.3,Brachyrhaphis_episcopi,1.03,0.36,8,-0.14,0.46,8,SE,Exploration ,PCA values,1,Female,Wild,Wild,Low,WW,Adult,Max,No,Limbo; no PC2 as we can't have same individuals tested once twice 
Correlated behaviour and stress physiology in fish exposed to different levels of predation pressure,Fig.3,Brachyrhaphis_episcopi,0.327,0.28,8,-0.229,0.27,8,SE,Exploration ,PCA values,1,Female,Wild,Wild,Low,WW,Adult,Max,No,Macho
Correlated behaviour and stress physiology in fish exposed to different levels of predation pressure,Fig.3,Brachyrhaphis_episcopi,0.86,0.45,8,0.338,0.4,8,SE,Exploration ,PCA values,1,Female,Wild,Wild,Low,WW,Adult,Max,No,QJG
Correlated behaviour and stress physiology in fish exposed to different levels of predation pressure,Fig.3,Brachyrhaphis_episcopi,-0.267,0.12,8,-0.512,0.12,8,SE,Exploration ,PCA values,1,Male,Wild,Wild,Low,WW,Adult,Max,No,Limbo
Correlated behaviour and stress physiology in fish exposed to different levels of predation pressure,Fig.3,Brachyrhaphis_episcopi,0.89,0.12,8,0.79,0.1,8,SE,Exploration ,PCA values,1,Male,Wild,Wild,Low,WW,Adult,Max,No,Macho
Correlated behaviour and stress physiology in fish exposed to different levels of predation pressure,Fig.3,Brachyrhaphis_episcopi,-0.11,0.25,8,0.27,0.4,8,SE,Exploration ,PCA values,1,Male,Wild,Wild,Low,WW,Adult,Max,No,QJG
"Density is more important than predation risk for predicting growth and developmental outcomes in tadpoles of spotted tree frog, Litoria spenceri (Dubois 1984)",Table 7,Litoria_spenceri,30.6,18.3,8,25.2,18.6,8,SD,Activity,Proportion,1,Mixed,Lab,Lab,No,CC,Juvenille,28,No,Low
"Density is more important than predation risk for predicting growth and developmental outcomes in tadpoles of spotted tree frog, Litoria spenceri (Dubois 1984)",Table 7,Litoria_spenceri,23.2,11.1,10,21.42,211.4,10,SD,Activity,Proportion,1,Mixed,Lab,Lab,No,CC,Juvenille,28,No,Medium
"Density is more important than predation risk for predicting growth and developmental outcomes in tadpoles of spotted tree frog, Litoria spenceri (Dubois 1984)",Table 7,Litoria_spenceri,26.8,12.7,20,21.1,11.9,20,SD,Activity,Proportion,1,Mixed,Lab,Lab,No,CC,Juvenille,28,No,High
"Density is more important than predation risk for predicting growth and developmental outcomes in tadpoles of spotted tree frog, Litoria spenceri (Dubois 1984)",Table 7,Litoria_spenceri,25.7,19.3,8,18.03,18.4,8,SD,Foraging,Proportion,1,Mixed,Lab,Lab,No,CC,Juvenille,28,No,Low
"Density is more important than predation risk for predicting growth and developmental outcomes in tadpoles of spotted tree frog, Litoria spenceri (Dubois 1984)",Table 7,Litoria_spenceri,19.1,12.5,10,15.3,10.1,10,SD,Foraging,Proportion,1,Mixed,Lab,Lab,No,CC,Juvenille,28,No,Medium
"Density is more important than predation risk for predicting growth and developmental outcomes in tadpoles of spotted tree frog, Litoria spenceri (Dubois 1984)",Table 7,Litoria_spenceri,19.1,8.7,20,14.2,7.5,20,SD,Foraging,Proportion,1,Mixed,Lab,Lab,No,CC,Juvenille,28,No,High
Does the development environment cause the pace of life to change in a rainforest lizard?,Table 1,Lampropholis_similis,90,7.83,22,151,8,21,SE,Activity,no. Trans,1,Mixed,Wild,Lab,No,WC,Adult,28,No,
Does the development environment cause the pace of life to change in a rainforest lizard?,Table 1,Lampropholis_similis,-1592,70.85,22,-1635,72.52,21,SE,Exploration ,Time to goal,1,Mixed,Wild,Lab,No,WC,Adult,28,Yes,
Does the development environment cause the pace of life to change in a rainforest lizard?,Table 1,Lampropholis_similis,-664.39,57.3,22,-716.48,58.65,21,SE,Sociality ,Time social,1,Mixed,Wild,Lab,No,WC,Adult,28,Yes,
Early experience affects learning performance and neophobia in a cooperatively breeding cichlid,Data,Neolamprologus_pulcher,-6.2,14.65,14,-9.85,18.65,14,SD,Emergence,Time to emerge,1,Mixed,Lab,Lab,No,CC,Adult,63,Yes,no social
Early experience affects learning performance and neophobia in a cooperatively breeding cichlid,Data,Neolamprologus_pulcher,-7,15.18,14,-9.06,19.9,14,SD,Emergence,Time to emerge,1,Mixed,Lab,Lab,No,CC,Adult,63,Yes,social
Early experience affects learning performance and neophobia in a cooperatively breeding cichlid,Data,Neolamprologus_pulcher,-10,17,14,-15.91,15.5,14,SD,Neophobia,Time to reach foraging tray with novel object,1,Mixed,Lab,Lab,No,CC,Adult,63,Yes,no social
Early experience affects learning performance and neophobia in a cooperatively breeding cichlid,Data,Neolamprologus_pulcher,-19.07,41.6,14,-17.69,38.19,14,SD,Neophobia,Time to reach foraging tray with novel object,1,Mixed,Lab,Lab,No,CC,Adult,63,Yes,social
Effects of early predation and social cues on the relationship between laterality and personality,Data,Gasterosteus_aculeatus,2.16,1.23,106,2.19,1.23,25,SD,Activity,average speed,0,Mixed,Lab,Lab,No,CC,Juvenille,98,No,low density
Effects of early predation and social cues on the relationship between laterality and personality,Data,Gasterosteus_aculeatus,2.17,1.24,28,2.15,1.23,38,SD,Activity,average speed,0,Mixed,Lab,Lab,No,CC,Juvenille,98,No,High density
Environmental and genetic effects on exploratory behavior of high- and low-predation guppies (Poecilia reticulata),Fig.1 ,Poecilia_reticulata,0.178,0.27,101,-0.71,0.26,48,SE,Exploration ,Score ,1,Mixed,Wild,Wild,Low,WW,Adult,Max,No,
Environmental and genetic effects on exploratory behavior of high- and low-predation guppies (Poecilia reticulata),Fig.2,Poecilia_reticulata,0.52,0.12,101,-0.36,0.12,48,SE,Exploration ,Score,1,Mixed,Wild,Lab,Low,WW,Adult,Max,No,
Environmental and genetic effects shape the development of personality traits in the mangrove killifish Kryptolebias marmoratus,fig.2,Kryptolebias_marmoratus,0.3,0.15,60,0.47,0.21,60,SE,Exploration ,Score,0,Mixed,Lab,Lab,No,CC,Both,32,No,
Environmental and genetic effects shape the development of personality traits in the mangrove killifish Kryptolebias marmoratus,fig.2,Kryptolebias_marmoratus,1.12,0.05,60,1.15,0.02,60,SE,Activity,Score,0,Mixed,Lab,Lab,No,CC,Both,32,No,
Experience during development triggers between-individual variation in behavioural plasticity,Data,Rana_dalmatina,3.58,0.746,36,3.26,0.88,38,SD,Activity,Distance,0,Mixed,Lab,Lab,No,CC,Juvenille,N/A,No,
Experience during development triggers between-individual variation in behavioural plasticity,Data,Rana_dalmatina,-2,0.44,36,-2.15,0.45,38,SD,Activity,Time to resume,0,Mixed,Lab,Lab,No,CC,Juvenille,N/A,Yes,
Habitat stability and predation pressure affect temperament behaviours in populations of three-spined sticklebacks,Fig.3  ,Gasterosteus_aculeatus,0.54,0.25,16,-0.6,0.35,18,SE,Emergence,PCA values,1,Mixed,Wild,Lab,Low,WW,Adult,Max,Yes,River
Habitat stability and predation pressure affect temperament behaviours in populations of three-spined sticklebacks,Fig.3  ,Gasterosteus_aculeatus,-0.2,0.23,24,0.9,0.3,8,SE,Emergence,PCA values,1,Mixed,Wild,Lab,Low,WW,Adult,Max,Yes,Pond
Habitat stability and predation pressure affect temperament behaviours in populations of three-spined sticklebacks,Fig.3  ,Gasterosteus_aculeatus,57.7,7.1,16,39.6,10.8,18,SE,Activity,Score ,1,Mixed,Wild,Lab,Low,WW,Adult,Max,No,River
Habitat stability and predation pressure affect temperament behaviours in populations of three-spined sticklebacks,Fig.3  ,Gasterosteus_aculeatus,38.3,9,24,59.1,15.1,8,SE,Activity,Score,1,Mixed,Wild,Lab,Low,WW,Adult,Max,No,Pond
Habitat stability and predation pressure affect temperament behaviours in populations of three-spined sticklebacks,Fig.3  ,Gasterosteus_aculeatus,-0.07,0.21,16,-0.03,0.27,18,SE,Neophobia,PCA values,1,Mixed,Wild,Lab,Low,WW,Adult,Max,Yes,River
Habitat stability and predation pressure affect temperament behaviours in populations of three-spined sticklebacks,Fig.3  ,Gasterosteus_aculeatus,0.15,0.23,24,-0.229,0.22,8,SE,Neophobia,PCA values,1,Mixed,Wild,Lab,Low,WW,Adult,Max,Yes,Pond
Heritable and experiential effects on boldness in a tropical poeciliid,Fig.2,Brachyrhaphis_episcopi,-134.56,16.6,51,-268.42,40.5,30,SE,Emergence,emergence time,0,Female,Lab,Lab,No,CC,Adult,14,Yes,chased vs not chased
High-predation habitats affect the social dynamics of collective exploration in a shoaling fish,Fig.1,Poecilia_reticulata,16.37,5.47,84,14.38,3.8,118,SD,Activity,Number of movements ,1,MIxed,Wild,Lab,Low,WW,Adult,Max,No,Low vs high
Isolation from mammalian predators differentially affects two congeners,Fig.1,Macropus_eugenii,-20.5,1.7,140,-33.79,2.7,103,SE,Vigilance,Time spent,1,Mixed,Wild,Wild,Low,WW,Both,Max,Yes,
Isolation from mammalian predators differentially affects two congeners,Fig.1,Macropus_eugenii,71,3.2,140,60,2.7,103,SE,Foraging,Time spent,1,Mixed,Wild,Wild,Low,WW,Both,Max,No,
Isolation from mammalian predators differentially affects two congeners,Fig.1,Macropus_fuliginosus,-21.8,4.8,53,-44.2,2.5,102,SE,Vigilance,Time spent,1,Mixed,Wild,Wild,Low,WW,Both,Max,Yes,
Isolation from mammalian predators differentially affects two congeners,Fig.1,Macropus_fuliginosus,70.63,3.9,35,48.2,2.6,102,SE,Foraging,Time spent,1,Mixed,Wild,Wild,Low,WW,Both,Max,No,
Juvenile stress disrupts the development of an exploration-boldness behavioural syndrome in convict cichlid fish,Fig.2,Amatitlania_nigrofasciata,0.157,0.12,52,-0.19,0.26,42,SD,Exploration ,PCA values,0,Mixed,Lab,Lab,No,CC,Adult,14,No,
Linking behavioural variance to environmental heterogeneity: Variance decomposition in surface versus cave isopod populations,Data,Asellus_aquaticus,1.21,0.69,15,0.79,0.45,15,SD,Activity,Time in risky space,1,Mixed,Wild,Lab,Low,WW,Adult,Max,No,"dark, no movement as the movement hypothesis is about food avail in the species, not predation"
Linking behavioural variance to environmental heterogeneity: Variance decomposition in surface versus cave isopod populations,Data,Asellus_aquaticus,1.11,0.65,15,0.75,0.44,15,SD,Activity,Time in risky space,1,Mixed,Wild,Lab,Low,WW,Adult,Max,No,"light,  no movement as the movement hypothesis is about food avail in the species, not predation"
"Maintenance of Behavioral Variation under Predation Risk: Effects on Personality, Plasticity, and Predictability",Data,Poecilia_reticulata,-28.79,37.2,40,-32.29,39,40,SD,Latency,Time to feed after risk,1,Male,Lab,Lab,No,CC,Adult,912,Yes,
"Maintenance of Behavioral Variation under Predation Risk: Effects on Personality, Plasticity, and Predictability",Data,Poecilia_reticulata,3917,2141.8,40,3373,2103.98,40,SD,Activity,Distance,1,Male,Lab,Lab,No,CC,Adult,912,No,
No personality without experience? A test on Rana dalmatina tadpoles,Fig.2,Rana_dalmatina,11991.64,1400.8,18,1600.83,262.78,20,SE,Activity,Distance,0,Mixed,Lab,Lab,No,CC,Juvenille,N/A,No,naïve/pred
No personality without experience? A test on Rana dalmatina tadpoles,Fig.2,Rana_dalmatina,6950.34,1824.4,18,3230.77,680.4,17,SE,Activity,Distance,0,Mixed,Lab,Lab,No,CC,Juvenille,N/A,No,group/group+pred
No personality without experience? A test on Rana dalmatina tadpoles,Fig.2,Rana_dalmatina,-151.76,29.2,18,-673.59,112.8,20,SE,Activity,Latency,0,Mixed,Lab,Lab,No,CC,Juvenille,N/A,Yes,naïve/pred
No personality without experience? A test on Rana dalmatina tadpoles,Fig.2,Rana_dalmatina,-149.68,29.5,18,-407.48,91.3,17,SE,Activity,Latency,0,Mixed,Lab,Lab,No,CC,Juvenille,N/A,Yes,group/group+pred
Parallel and nonparallel behavioural evolution in response to parasitism and predation in Trinidadian guppies,Fig.2,Poecilia_reticulata,-9.9,6.8,12,-31.69,5.2,21,SE,Activity,Changes in zones,1,Mixed,Wild,Lab,No,WW,Adult,Max,No,"f0 only, Ignoring NG treatment, Aripo"
Parallel and nonparallel behavioural evolution in response to parasitism and predation in Trinidadian guppies,Fig.2,Poecilia_reticulata,-0.37,5.4,29,-25.43,5.2,21,SE,Activity,Changes in zones,1,Mixed,Wild,Lab,No,WW,Adult,Max,No,"f0 only, Ignoring NG treatment, Marianne"
Parallel and nonparallel behavioural evolution in response to parasitism and predation in Trinidadian guppies,Fig.3,Poecilia_reticulata,-26.6,35.5,12,-78.2,11,21,SE,Sociality ,Time near shoal,1,Mixed,Wild,Lab,No,WW,Adult,Max,Yes,"f0 only, shoaling as boldness, aripo"
Parallel and nonparallel behavioural evolution in response to parasitism and predation in Trinidadian guppies,Fig.3,Poecilia_reticulata,-41.3,20.9,29,-40,16.8,21,SE,Sociality ,Time near shoal,1,Mixed,Wild,Lab,No,WW,Adult,Max,Yes,"f0 only, shoaling as boldness,marianne"
Parallel and nonparallel behavioural evolution in response to parasitism and predation in Trinidadian guppies,Fig.4,Poecilia_reticulata,-64.3,23.9,12,-204.4,40.3,21,SE,Emergence,emergence time,1,Mixed,Wild,Lab,No,WW,Adult,Max,Yes,"f0 only, aripo"
Parallel and nonparallel behavioural evolution in response to parasitism and predation in Trinidadian guppies,Fig.4,Poecilia_reticulata,-205.59,34.4,29,-248.45,55.1,21,SE,Emergence,emergence time,1,Mixed,Wild,Lab,No,WW,Adult,Max,Yes,"f0 only, Marrianne"
Partners’ personality types and mate preferences: predation risk matters,Fig 5,Zootoca_vivipara,64,32,66,-30.29,27,66,SE,Activity,Seconds,0,Female,Wild,Lab,No,CC,Adult,30,No,
Personality-driven life history trade-offs differ in two subpopulations of free-ranging predators,Fig 3 ,Negaprion_brevirostris,0.28,0.05,15,0.26,0.04,10,SD,Exploration ,Score,1,MIxed,Wild,Wild,Low,WW,Juvenille,Max,No,
"Personality, plasticity and predation: linking endocrine and behavioural reaction norms in stickleback fish",Fig6a,Gasterosteus_aculeatus,0.21,0.0535,20,-0.22,0.078,20,SE,Activity,PCA values,0,Female,Lab,Lab,Low,CC,Adult,14,No,Error estimated from box plot with calculations
"Picking personalities apart: estimating the influence of predation, sex and body size on boldness in the guppy Poecilia reticulata",Fig1a,Poecilia_reticulata,-0.137,0.07,22,-1.25,0.1,39,SE,Emergence,Time to emerge,1,Male,Wild,Lab,Low,WW,Adult,Max,Yes,
"Picking personalities apart: estimating the influence of predation, sex and body size on boldness in the guppy Poecilia reticulata",Fig1a,Poecilia_reticulata,-1.819,0.04,39,-1.46,0.06,67,SE,Emergence,Time to emerge,1,Female,Wild,Lab,Low,WW,Adult,Max,Yes,
"Picking personalities apart: estimating the influence of predation, sex and body size on boldness in the guppy Poecilia reticulata",Fig1b,Poecilia_reticulata,-0.429,0.52,22,-0.377,0.61,39,SE,Emergence,Hesitancy,1,Male,Wild,Lab,Low,WW,Adult,Max,Yes,
"Picking personalities apart: estimating the influence of predation, sex and body size on boldness in the guppy Poecilia reticulata",Fig1b,Poecilia_reticulata,-0.731,0.05,39,-0.461,0.528,67,SE,Emergence,Hesitancy,1,Female,Wild,Lab,Low,WW,Adult,Max,Yes,
Plasticity and evolution in correlated suites of traits,Supplement,Poecilia_reticulata,527.2,12.8,39,506.4,14.7,14,SE,Activity,Time spent moving,0,Male,Lab,Lab,No,CC,Adult,N/A,No,"Aripo, HP "
Plasticity and evolution in correlated suites of traits,Supplement,Poecilia_reticulata,540.7,9.5,34,390.2,47,15,SE,Activity,Time spent moving,0,Male,Lab,Lab,No,CC,Adult,N/A,No,"Aripo, LP"
Plasticity and evolution in correlated suites of traits,Supplement,Poecilia_reticulata,441.5,52.4,15,514.2,19.3,15,SE,Activity,Time spent moving,0,Male,Lab,Lab,No,CC,Adult,N/A,No," Quare,HP"
Plasticity and evolution in correlated suites of traits,Supplement,Poecilia_reticulata,535.4,15,16,472.3,25.4,16,SE,Activity,Time spent moving,0,Male,Lab,Lab,No,CC,Adult,N/A,No," Quare, LP"
Population divergence in growth rate and antipredator defences in Rana arvalis,Fig.1,Rana_arvalis,8.72,0.9,30,1.76,2.6,30,SE,Activity,percent active,1,Mixed,Lab,Lab,No,CC,Juvenille,3,No,"Exposure but cant be eaten, day 3-6, Gotland"
Population divergence in growth rate and antipredator defences in Rana arvalis,Fig.1,Rana_arvalis,8.72,0.9,30,1.45,0.9,30,SE,Activity,percent active,1,Mixed,Lab,Lab,No,CC,Juvenille,3,No,"Exposure but cant be eaten, day 3-6, Gotland"
Population divergence in growth rate and antipredator defences in Rana arvalis,Fig.1,Rana_arvalis,8.72,0.9,30,3.29,0.8,30,SE,Activity,percent active,1,Mixed,Lab,Lab,No,CC,Juvenille,3,No,"Exposure but cant be eaten, day 3-6, Gotland"
Population divergence in growth rate and antipredator defences in Rana arvalis,Fig.1,Rana_arvalis,9.26,0.8,30,2.29,0.9,30,SE,Activity,percent active,1,Mixed,Lab,Lab,No,CC,Juvenille,3,No,"Exposure but cant be eaten, Day 3-6, Uppland"
Population divergence in growth rate and antipredator defences in Rana arvalis,Fig.1,Rana_arvalis,9.26,0.8,30,4.05,1,30,SE,Activity,percent active,1,Mixed,Lab,Lab,No,CC,Juvenille,3,No,"Exposure but cant be eaten, Day 3-6, Uppland"
Population divergence in growth rate and antipredator defences in Rana arvalis,Fig.1,Rana_arvalis,9.26,0.8,30,2.44,0.8,30,SE,Activity,percent active,1,Mixed,Lab,Lab,No,CC,Juvenille,3,No,"Exposure but cant be eaten, Day 3-6, Uppland"
Population divergence in growth rate and antipredator defences in Rana arvalis,Fig.1,Rana_arvalis,4.89,1.9,30,3.29,1.6,30,SE,Activity,percent active,1,Mixed,Lab,Lab,No,CC,Juvenille,27,No,"Exposure but cant be eaten, Day 27-32, Gotland"
Population divergence in growth rate and antipredator defences in Rana arvalis,Fig.1,Rana_arvalis,4.89,1.9,30,7.95,3.1,30,SE,Activity,percent active,1,Mixed,Lab,Lab,No,CC,Juvenille,27,No,"Exposure but cant be eaten, Day 27-32, Gotland"
Population divergence in growth rate and antipredator defences in Rana arvalis,Fig.1,Rana_arvalis,4.89,1.9,30,1.45,1.8,30,SE,Activity,percent active,1,Mixed,Lab,Lab,No,CC,Juvenille,27,No,"Exposure but cant be eaten, Day 27-32, Gotland"
Population divergence in growth rate and antipredator defences in Rana arvalis,Fig.1,Rana_arvalis,22.88,2.1,30,13.08,2.07,30,SE,Activity,percent active,1,Mixed,Lab,Lab,No,CC,Juvenille,27,No,"Exposure but cant be eaten, Days 27-32, Uppland"
Population divergence in growth rate and antipredator defences in Rana arvalis,Fig.1,Rana_arvalis,22.88,2.1,30,9.26,1.8,30,SE,Activity,percent active,1,Mixed,Lab,Lab,No,CC,Juvenille,27,No,"Exposure but cant be eaten, Days 27-32, Uppland"
Population divergence in growth rate and antipredator defences in Rana arvalis,Fig.1,Rana_arvalis,22.88,2.1,30,11.47,2.8,30,SE,Activity,percent active,1,Mixed,Lab,Lab,No,CC,Juvenille,27,No,"Exposure but cant be eaten, Days 27-32, Uppland"
Predation environment affects boldness temperament of neotropical livebearers,Table 1,Brachyrhaphis_rhabdophora,0.595,0.11,193,0.55,0.14,111,SD,Activity,Laps in open field,1,Female,Wild,Wild,No,WW,Adult,Max,No,
Predation environment affects boldness temperament of neotropical livebearers,Table 1,Brachyrhaphis_rhabdophora,0.69,0.11,112,0.53,0.15,69,SD,Activity,Laps in open field,1,Male,Wild,Wild,No,WW,Adult,Max,No,
Predation risk and abiotic habitat parameters affect personality traits in extremophile populations of a neotropical fish (Poecilia vivipara),Text in 3.1,Poecilia_vivipara,78.38,5.73,97,49.18,5.48,57,SE,Activity,squares crossed,1,Female,Wild,Lab,Low,WW,Adult,Max,No,Shoaling data not extractable
Predation risk and abiotic habitat parameters affect personality traits in extremophile populations of a neotropical fish (Poecilia vivipara),Text in 3.1,Poecilia_vivipara,-54.89,9.3,97,-143.43,34.47,57,SE,Emergence,Time to emerge,1,Female,Wild,Lab,Low,WW,Adult,Max,Yes,Shoaling data not extractable
Predation risk effects on intense and routine vigilance of Burchell's zebra and blue wildebeest,Fig.1 ,Equus_quagga,-0.234,0.131,43,-0.6,0.205,47,CI,Vigilance,Proportion intense ,1,Female,Wild,Wild,Low,WW,Adult,334,Yes,"Existing predators prior to lion don't hunt adults and are often to small to hunt juvenilles, included as inside vs outside lions home range"
Predation risk effects on intense and routine vigilance of Burchell's zebra and blue wildebeest,Fig.1 ,Connochaetes_taurinus,-0.519,0.141,32,-0.545,0.135,56,CI,Vigilance,Proportion intense ,1,Female,Wild,Wild,Low,WW,Adult,334,Yes,"Existing predators prior to lion don't hunt adults and are often to small to hunt juvenilles, included as inside vs outside lions home range"
Predator abundance drives the association between exploratory personality and foraging habitat risk in a wild marine meso-predator,Data,Negaprion_brevirostris,0.267,0.055,18,0.263,0.04,15,SD,Exploration ,Score,1,MIxed,Wild,Wild,Low,WW,Juvenille,Max,No,2014
Predator abundance drives the association between exploratory personality and foraging habitat risk in a wild marine meso-predator,Data,Negaprion_brevirostris,0.293,0.05,14,0.272,0.049,11,SD,Exploration ,Score,1,MIxed,Wild,Wild,Low,WW,Juvenille,Max,No,2015
Predator abundance drives the association between exploratory personality and foraging habitat risk in a wild marine meso-predator,Data,Negaprion_brevirostris,0.248,0.028,15,0.252,0.043,32,SD,Exploration ,Score,1,MIxed,Wild,Wild,Low,WW,Juvenille,Max,No,2016
Predator abundance drives the association between exploratory personality and foraging habitat risk in a wild marine meso-predator,Data,Negaprion_brevirostris,0.2657,0.0396,14,0.243,0.278,16,SD,Exploration ,Score,1,MIxed,Wild,Wild,Low,WW,Juvenille,Max,No,2017
Predator cues and environmental complexity shape the behaviour and life history of juvenile lobsters (Homarus gammarus),Fig.2,Homarus_gammarus,209.43,14.3,32,226.03,13.6,31,CI,Activity,seconds moving,1,MIxed,Lab,Lab,No,CC,Juvenille,140,No,Control
Predator cues and environmental complexity shape the behaviour and life history of juvenile lobsters (Homarus gammarus),Fig.2,Homarus_gammarus,229.05,10.1,30,202.64,10.2,31,CI,Activity,seconds moving,1,MIxed,Lab,Lab,No,CC,Juvenille,140,No,Substrate
Predator cues and environmental complexity shape the behaviour and life history of juvenile lobsters (Homarus gammarus),Fig.2,Homarus_gammarus,235.09,12.02,31,228.3,12.07,31,CI,Activity,seconds moving,1,MIxed,Lab,Lab,No,CC,Juvenille,140,No,Shelter
Predator cues and environmental complexity shape the behaviour and life history of juvenile lobsters (Homarus gammarus),Fig.2,Homarus_gammarus,241.89,12.1,32,235.85,12.8,32,CI,Activity,seconds moving,1,MIxed,Lab,Lab,No,CC,Juvenille,140,No,sub + shelter
Predator cues and environmental complexity shape the behaviour and life history of juvenile lobsters (Homarus gammarus),Fig.2,Homarus_gammarus,-70.99,13.1,32,-55.13,10.2,31,CI,Activity,time in safe space,1,MIxed,Lab,Lab,No,CC,Juvenille,140,Yes,Control
Predator cues and environmental complexity shape the behaviour and life history of juvenile lobsters (Homarus gammarus),Fig.2,Homarus_gammarus,-55.14,11.3,30,-70.99,12.1,31,CI,Activity,time in safe space,1,MIxed,Lab,Lab,No,CC,Juvenille,140,Yes,Substrate
Predator cues and environmental complexity shape the behaviour and life history of juvenile lobsters (Homarus gammarus),Fig.2,Homarus_gammarus,-50.6,12,31,-60.42,13.6,31,CI,Activity,time in safe space,1,MIxed,Lab,Lab,No,CC,Juvenille,140,Yes,Shelter
Predator cues and environmental complexity shape the behaviour and life history of juvenile lobsters (Homarus gammarus),Fig.2,Homarus_gammarus,-46.07,9.8,32,-56.65,12.8,32,CI,Activity,time in safe space,1,MIxed,Lab,Lab,No,CC,Juvenille,140,Yes,sub + shelter
Predator exposure improves anti-predator responses in a threatened mammal,Data,Bettongia_lesueur,-0.149,0.11,19,-0.191,0.2,40,SD,Foraging,Approach tray,1,MIxed,Wild,Wild,Low,WW,Adult,364,Yes,6
Predator exposure improves anti-predator responses in a threatened mammal,Data,Bettongia_lesueur,-0.41,0.375,19,-0.36,0.314,40,SD,Foraging,time spent foraging,1,MIxed,Wild,Wild,Low,WW,Adult,364,Yes,6
Predator exposure improves anti-predator responses in a threatened mammal,Data,Bettongia_lesueur,-0.167,0.245,19,-0.058,0.11,40,SD,Vigilance,proportion,1,MIxed,Wild,Wild,Low,WW,Adult,364,Yes,6
Predator exposure improves anti-predator responses in a threatened mammal,Data,Bettongia_lesueur,-0.468,0.0275,19,-0.0956,0.081,40,SD,Foraging,Approach tray,1,MIxed,Wild,Wild,Low,WW,Adult,364,Yes,12
Predator exposure improves anti-predator responses in a threatened mammal,Data,Bettongia_lesueur,-0.225,0.183,19,-0.295,0.278,40,SD,Foraging,time spent foraging,1,MIxed,Wild,Wild,Low,WW,Adult,364,Yes,12
Predator exposure improves anti-predator responses in a threatened mammal,Data,Bettongia_lesueur,-0.122,0.122,19,-0.135,0.178,40,SD,Vigilance,proportion,1,MIxed,Wild,Wild,Low,WW,Adult,364,Yes,12
Predator exposure improves anti-predator responses in a threatened mammal,Data,Bettongia_lesueur,-0.014,0.033,19,-0.134,0.113,40,SD,Foraging,Approach tray,1,MIxed,Wild,Wild,Low,WW,Adult,547,Yes,18
Predator exposure improves anti-predator responses in a threatened mammal,Data,Bettongia_lesueur,-0.337,0.353,19,-0.392,0.282,40,SD,Foraging,time spent foraging,1,MIxed,Wild,Wild,Low,WW,Adult,547,Yes,18
Predator exposure improves anti-predator responses in a threatened mammal,Data,Bettongia_lesueur,-0.063,0.092,19,-0.163,0.153,40,SD,Vigilance,proportion,1,MIxed,Wild,Wild,Low,WW,Adult,547,Yes,18
Predator-driven natural selection on risk-taking behavior in anole lizards,Data,Anolis_sagrei,-14,2,273,-33.9,2.5,273,SE,Activity,Perch height,1,MIxed,Wild,Wild,No,WW,Adult,120,Yes,
Predicting multifarious behavioural divergence in the wild,Fig.1,Gambusiaa_hubbsi ,1.677,0.19,60,-0.74,0.21,60,SE,Exploration ,PCA values,1,Female,Wild,Wild,Low,WW,Adult,Max,No,Shoaling dropped bc there is no sample size usable
Predicting multifarious behavioural divergence in the wild,Fig.1,Gambusiaa_hubbsi ,0.46,0.2,60,-1.429,0.2,60,SE,Exploration ,PCA values,1,Male,Wild,Wild,Low,WW,Adult,Max,No,Shoaling dropped bc there is no sample size usable
Quantity versus quality: how does level of predation threat affect Cape ground squirrel vigilance?,Fig.2,Xerus_inauris,-1.676,2.61,30,-6.549,1.71,18,SE,Vigilance,Percent time,1,Mixed,Wild,Wild,Low,WW,Adult,Max,Yes,
Rapid change in anti-predator behaviour of a threatened marsupial after thousands of years of isolation from predators,Fig.5,Perameles_bougainville,-0.355,0.08,23,-0.725,0.18,4,CI,Vigilance,Percent time,1,Mixed,Wild,Wild,Low,WW,Adult,2190,Yes,
Relaxed risk of predation drives parallel evolution of stickleback behavior,Fig2,Pungitius_pungitius,-135.798,13.5,105,-139.427,12.02,105,SE,Emergence,Latency,1,Mixed,Lab,Lab,No,CC,Juvenille,316,Yes,marine
Relaxed risk of predation drives parallel evolution of stickleback behavior,Fig2,Pungitius_pungitius,-112.484,10.8,105,-80.38,9.2,105,SE,Emergence,Latency,1,Mixed,Lab,Lab,No,CC,Juvenille,316,Yes,pond
Relaxed risk of predation drives parallel evolution of stickleback behavior,Fig2,Pungitius_pungitius,8.474,0.8,105,2.52,0.4,105,SE,Foraging,Number of events ,1,Mixed,Lab,Lab,No,CC,Juvenille,316,No,marine
Relaxed risk of predation drives parallel evolution of stickleback behavior,Fig2,Pungitius_pungitius,13.399,1,105,6.541,0.66,105,SE,Foraging,Number of events ,1,Mixed,Lab,Lab,No,CC,Juvenille,316,No,pond
Relaxed risk of predation drives parallel evolution of stickleback behavior,Fig2,Pungitius_pungitius,-144.01,13.02,105,-233.83,9.01,105,SE,Foraging,Time to initiate,1,Mixed,Lab,Lab,No,CC,Juvenille,316,Yes,marine
Relaxed risk of predation drives parallel evolution of stickleback behavior,Fig2,Pungitius_pungitius,-78.89,12.11,105,-143.563,14.4,105,SE,Foraging,Time to initiate,1,Mixed,Lab,Lab,No,CC,Juvenille,316,Yes,pond
Relaxed risk of predation drives parallel evolution of stickleback behavior,Fig2,Pungitius_pungitius,162.934,12.9,105,93.43,9.2,105,SE,Activity,Time in risky space,1,Mixed,Lab,Lab,No,CC,Juvenille,316,No,marine
Relaxed risk of predation drives parallel evolution of stickleback behavior,Fig2,Pungitius_pungitius,229.73,11.4,105,214.28,12.3,105,SE,Activity,Time in risky space,1,Mixed,Lab,Lab,No,CC,Juvenille,316,No,pond
Risk Predictability in Early Life Shapes Personality of Mosquitofish in Adulthood,Table 3,Gambusia_affinis,-115.8,118.6,32,-109.4,101,32,SD,Emergence ,seconds ,0,Female,Lab,Lab,No,CC,Adult,N/A,Yes,no risk vs 5 mins
Risk Predictability in Early Life Shapes Personality of Mosquitofish in Adulthood,Table 3,Gambusia_affinis,1031,404.8,32,974.6,358.6,32,SD,Activity,Distance,0,Female,Lab,Lab,No,CC,Adult,N/A,No,no risk vs 5 mins
Risk Predictability in Early Life Shapes Personality of Mosquitofish in Adulthood,Table 3,Gambusia_affinis,-115.8,118.6,32,-119.7,91.3,32,SD,Emergence ,seconds ,0,Female,Lab,Lab,No,CC,Adult,N/A,Yes,no risk vs 2 hours
Risk Predictability in Early Life Shapes Personality of Mosquitofish in Adulthood,Table 3,Gambusia_affinis,1031,404.8,32,920.3,348.3,32,SD,Activity,Distance,0,Female,Lab,Lab,No,CC,Adult,N/A,No,no risk vs 2 hours
Risk Predictability in Early Life Shapes Personality of Mosquitofish in Adulthood,Table 3,Gambusia_affinis,-115.8,118.6,32,-114.7,110.7,32,SD,Emergence ,seconds ,0,Female,Lab,Lab,No,CC,Adult,N/A,Yes,no risk vs unpredictable risk
Risk Predictability in Early Life Shapes Personality of Mosquitofish in Adulthood,Table 3,Gambusia_affinis,1031,404.8,32,1039.3,428.1,32,SD,Activity,Distance,0,Female,Lab,Lab,No,CC,Adult,N/A,No,no risk vs unpredictable risk
Size matters:: a test of boldness in eight populations of the poeciliid Brachyraphis episcopi,Fig.2,Brachyraphis_episcopi,-1.172,0.15,20,-1.256,0.13,20,SE,Emergence ,seconds ,1,Mixed ,Wild,Lab,No,WW,Both,Max,Yes,AS
Size matters:: a test of boldness in eight populations of the poeciliid Brachyraphis episcopi,Fig.2,Brachyraphis_episcopi,-1.552,0.14,20,-1.698,0.9,20,SE,Emergence ,seconds ,1,Mixed ,Wild,Lab,Low,WW,Both,Max,Yes,RL
Size matters:: a test of boldness in eight populations of the poeciliid Brachyraphis episcopi,Fig.2,Brachyraphis_episcopi,-2.02,0.11,20,-1.564,0.2,20,SE,Emergence ,seconds ,1,Mixed ,Wild,Lab,No,WW,Both,Max,Yes,RM
Size matters:: a test of boldness in eight populations of the poeciliid Brachyraphis episcopi,Fig.2,Brachyraphis_episcopi,-1.385,0.19,20,-1.94,0.12,20,SE,Emergence ,seconds ,1,Mixed ,Wild,Lab,Low,WW,Both,Max,Yes,QJG
The role of ecological context and predation risk-stimuli in revealing the true picture about the genetic basis of boldness evolution in fish,Fig.2,Cyprinus_carpio,2.215,0.19,60,0.277,0.37,60,CI,Foraging,Visits,1,Mixed,Lab,Lab,Low,CC,Juvenille,14,No,"scaled; comparision between lab and pond, no risk no feeding treatments "
The role of ecological context and predation risk-stimuli in revealing the true picture about the genetic basis of boldness evolution in fish,Fig.2,Cyprinus_carpio,2.307,0.187,60,0.969,0.43,60,CI,Foraging,Visits,1,Mixed,Lab,Lab,Low,CC,Juvenille,14,No,mirror
The role of ecological context and predation risk-stimuli in revealing the true picture about the genetic basis of boldness evolution in fish,Fig.3,Cyprinus_carpio,-2.24,0.16,60,-2.732,0.22,60,CI,Actvity,Visits to safe area,1,Mixed,Lab,Lab,Low,CC,Juvenille,14,Yes,scaled
The role of ecological context and predation risk-stimuli in revealing the true picture about the genetic basis of boldness evolution in fish,Fig.3,Cyprinus_carpio,-2.414,0.17,60,-2.463,0.22,60,CI,Actvity,Visits to safe area,1,Mixed,Lab,Lab,Low,CC,Juvenille,14,Yes,mirror
Transgenerational plasticity of exploratory behavior and a hidden cost of mismatched risk environments between parental sexes,Data,Pimephales_promelas,-518.83,485.78,133,-462.507,480.7,71,SD,Exploration ,seconds ,0,Mixed,Lab,Lab,No,CC,Adult,123,Yes,Mat no pat no
Transgenerational plasticity of exploratory behavior and a hidden cost of mismatched risk environments between parental sexes,Data,Pimephales_promelas,-471.93,455.39,73,-496.067,455.39,74,SD,Exploration ,seconds ,0,Mixed,Lab,Lab,No,CC,Adult,123,Yes,Mat high pat no
Transgenerational plasticity of exploratory behavior and a hidden cost of mismatched risk environments between parental sexes,Data,Pimephales_promelas,-483.96,492.82,75,-529.99,471.7,69,SD,Exploration ,seconds ,0,Mixed,Lab,Lab,No,CC,Adult,123,Yes,mat no pat high
Transgenerational plasticity of exploratory behavior and a hidden cost of mismatched risk environments between parental sexes,Data,Pimephales_promelas,-368.47,402.14,142,-360.04,350.09,76,SD,Exploration ,seconds ,0,Mixed,Lab,Lab,No,CC,Adult,123,Yes,mat high pat high
Trophic cascade driven by behavioral fine-tuning as naïve prey rapidly adjust to a novel predator,Data,Melomys_burtoni,0.714,0.4688,14,0.1875,0.403,17,SD,Emergence,Proportion emerged,1,Mixed,Wild,Wild,Low,WW,Adult,365,No,2017 0-10 mins; same values are not a mistake
Trophic cascade driven by behavioral fine-tuning as naïve prey rapidly adjust to a novel predator,Data,Melomys_burtoni,0.714,0.4688,14,0.125,0.342,17,SD,Emergence,Proportion emerged,1,Mixed,Wild,Wild,Low,WW,Adult,365,No,2017 10-20 mins
Trophic cascade driven by behavioral fine-tuning as naïve prey rapidly adjust to a novel predator,Data,Melomys_burtoni,0.6285,0.49,35,0.2857,0.46,28,SD,Emergence,Proportion emerged,1,Mixed,Wild,Wild,Low,WW,Adult,730,No,2018 0-10 mins
Trophic cascade driven by behavioral fine-tuning as naïve prey rapidly adjust to a novel predator,Data,Melomys_burtoni,0.77,0.426,35,0.3928,0.497,28,SD,Emergence,Proportion emerged,1,Mixed,Wild,Wild,Low,WW,Adult,730,No,2018 10-20 mins
Trophic cascade driven by behavioral fine-tuning as naïve prey rapidly adjust to a novel predator,Data,Melomys_burtoni,0.541,0.509,24,0.448,0.506,29,SD,Emergence,Proportion emerged,1,Mixed,Wild,Wild,Low,WW,Adult,1095,No,2019 0-10 mins
Trophic cascade driven by behavioral fine-tuning as naïve prey rapidly adjust to a novel predator,Data,Melomys_burtoni,0.541,0.508,24,0.31,0.471,29,SD,Emergence,Proportion emerged,1,Mixed,Wild,Wild,Low,WW,Adult,1095,No,2019 10-20 mins
Trophic cascade driven by behavioral fine-tuning as naïve prey rapidly adjust to a novel predator,Data,Melomys_burtoni,0.643,0.497,35,0.063,0.25,28,SD,Neophobia,Proportion interact,1,Mixed,Wild,Wild,Low,WW,Adult,730,No,Neophob
Trophic cascade driven by behavioral fine-tuning as naïve prey rapidly adjust to a novel predator,Data,Melomys_burtoni,0.686,0.471,24,0.286,0.46,29,SD,Neophobia,Proportion interact,1,Mixed,Wild,Wild,Low,WW,Adult,1095,No,Neophob
Trophic cascade driven by behavioral fine-tuning as naïve prey rapidly adjust to a novel predator,Data,Melomys_burtoni,0.5,0.512,24,0.31,0.54,29,SD,Neophobia,Proportion interact,1,Mixed,Wild,Wild,Low,WW,Adult,1095,No,Neophob
Urbanization and biological invasion shape animal personalities,Data,Anolis_sagrei,-819.55,540.49,34,-960.56,698.216,34,SD,Emergence,Time to emerge,1,Male,Wild,Wild,Low,WW,Adult,36135,Yes,"Time body out in wild, urban vs urban no pred"
Urbanization and biological invasion shape animal personalities,Data,Anolis_sagrei,-399.11,314.02,34,-431.82,334.53,34,SD,Emergence,Time to emerge,1,Male,Wild,Wild,Low,WW,Adult,36135,Yes,"Time body out after threat, urban vs urban no pred"
Variability of functional traits and their syndromes in a freshwater fish species (Phoxinus phoxinus): The role of adaptive and nonadaptive processes,Data,Phoxinus_phoxinus,491.44,338.14,28,356.82,290.78,31,SD,Activity,Time spent in risky area,1,Mixed,Wild,Lab,Low,WW,Adult,Max,No,Comparing lowest to highest predation metric
Variation in aggressive behaviour in the poeciliid fish Brachyrhaphis episcopi: Population and sex differences,Fig.2,Brachyrhaphis_episcopi,0.61,0.043,38,0.469,0.052,38,SE,Neophobia,time spent near object,1,Mixed,Wild,Lab,Low,WW,Adult,Max,No,controls are no object so only including mirror variable in 2b
Reversing the effects of evolutionary prey naiveté through controlled predator exposure,Fig.1,Macrotis_lagotis,39.25,2.82,20,22.03,2.74,16,SE,Actvity,mean time spent,1,Mixed,Wild,Wild,No,WW,Adult,730,No,0 to 5; only movement from the time budget 
Reversing the effects of evolutionary prey naiveté through controlled predator exposure,Fig.1,Macrotis_lagotis,28.5,2.11,20,17.64,3.94,16,SE,Actvity,mean time spent,1,Mixed,Wild,Wild,No,WW,Adult,730,No,5 to 10
Reversing the effects of evolutionary prey naiveté through controlled predator exposure,Fig.1,Macrotis_lagotis,17.74,3.53,20,23.07,4.87,16,SE,Actvity,mean time spent,1,Mixed,Wild,Wild,No,WW,Adult,730,No,10 to 15
Effects of habitat conditions on the boldness and sociability of wild-caught fish (Zacco platypus) along a river,Table s1,Zacco_platypus,14.87,2.316,60,16.64,2.27,59,SE,Activity,Distance,1,Mixed,Wild,Lab,Low,WW,Juvenille,Max,No,TDM; metric from boldness tests excluded due to error reporting issues
Effects of habitat conditions on the boldness and sociability of wild-caught fish (Zacco platypus) along a river,Table s1,Zacco_platypus,1.36,0.07,59,0.697,0.333,57,SE,Sociality ,Distance,1,Mixed,Wild,Lab,Low,WW,Juvenille,Max,No,DTS
Morphological and behavioral plasticity of larval anurans in response to different predators,Fig.3,Bufo_americanus,34.94,2.06,10,26.01,3.35,10,SE,Activity,percent active,1,Mixed,Lab,Lab,No,CC,Juvenille,45,No,entries are left to right from fig.3
Morphological and behavioral plasticity of larval anurans in response to different predators,Fig.3,Bufo_americanus,34.94,2.06,10,15.63,4.31,10,SE,Activity,percent active,1,Mixed,Lab,Lab,No,CC,Juvenille,45,No,entries are left to right from fig.3
Morphological and behavioral plasticity of larval anurans in response to different predators,Fig.3,Bufo_americanus,34.94,2.06,10,29.2,0.8,10,SE,Activity,percent active,1,Mixed,Lab,Lab,No,CC,Juvenille,45,No,entries are left to right from fig.3
Morphological and behavioral plasticity of larval anurans in response to different predators,Fig.3,Bufo_americanus,34.94,2.06,10,20.75,2.7,10,SE,Activity,percent active,1,Mixed,Lab,Lab,No,CC,Juvenille,45,No,entries are left to right from fig.3
Morphological and behavioral plasticity of larval anurans in response to different predators,Fig.3,Rana_pipiens,15.96,0.94,10,5.9,2.07,10,SE,Activity,percent active,1,Mixed,Lab,Lab,No,CC,Juvenille,45,No,entries are left to right from fig.3
Morphological and behavioral plasticity of larval anurans in response to different predators,Fig.3,Rana_pipiens,15.96,0.94,10,6.5,2.4,10,SE,Activity,percent active,1,Mixed,Lab,Lab,No,CC,Juvenille,45,No,entries are left to right from fig.3
Morphological and behavioral plasticity of larval anurans in response to different predators,Fig.3,Rana_pipiens,15.96,0.94,10,13.2,1.1,10,SE,Activity,percent active,1,Mixed,Lab,Lab,No,CC,Juvenille,45,No,entries are left to right from fig.3
Morphological and behavioral plasticity of larval anurans in response to different predators,Fig.3,Rana_pipiens,15.96,0.94,10,13.24,2.17,10,SE,Activity,percent active,1,Mixed,Lab,Lab,No,CC,Juvenille,45,No,entries are left to right from fig.3
Morphological and behavioral plasticity of larval anurans in response to different predators,Fig.3,Rana_sylvatica,22.97,4,10,4.15,0.8,10,SE,Activity,percent active,1,Mixed,Lab,Lab,No,CC,Juvenille,45,No,entries are left to right from fig.3
Morphological and behavioral plasticity of larval anurans in response to different predators,Fig.3,Rana_sylvatica,22.97,4,10,11.8,3.1,10,SE,Activity,percent active,1,Mixed,Lab,Lab,No,CC,Juvenille,45,No,entries are left to right from fig.3
Morphological and behavioral plasticity of larval anurans in response to different predators,Fig.3,Rana_sylvatica,22.97,4,10,14.04,1.32,10,SE,Activity,percent active,1,Mixed,Lab,Lab,No,CC,Juvenille,45,No,entries are left to right from fig.3
Morphological and behavioral plasticity of larval anurans in response to different predators,Fig.3,Rana_sylvatica,22.97,4,10,17.71,20.7,10,SE,Activity,percent active,1,Mixed,Lab,Lab,No,CC,Juvenille,45,No,entries are left to right from fig.3
Morphological and behavioral plasticity of larval anurans in response to different predators,Fig.3,Hyla_versicolor,19.95,2.1,10,10.05,1.75,10,SE,Activity,percent active,1,Mixed,Lab,Lab,No,CC,Juvenille,45,No,entries are left to right from fig.3
Morphological and behavioral plasticity of larval anurans in response to different predators,Fig.3,Hyla_versicolor,19.95,2.1,10,7.8,1.1,10,SE,Activity,percent active,1,Mixed,Lab,Lab,No,CC,Juvenille,45,No,entries are left to right from fig.3
Morphological and behavioral plasticity of larval anurans in response to different predators,Fig.3,Hyla_versicolor,19.95,2.1,10,20.74,0.7,10,SE,Activity,percent active,1,Mixed,Lab,Lab,No,CC,Juvenille,45,No,entries are left to right from fig.3
Morphological and behavioral plasticity of larval anurans in response to different predators,Fig.3,Hyla_versicolor,19.95,2.1,10,16.75,3.72,10,SE,Activity,percent active,1,Mixed,Lab,Lab,No,CC,Juvenille,45,No,entries are left to right from fig.3
Morphological and behavioral plasticity of larval anurans in response to different predators,Fig.3,Rana_catesbeiana,15.95,1.9,10,9.89,4.81,10,SE,Activity,percent active,1,Mixed,Lab,Lab,No,CC,Juvenille,45,No,entries are left to right from fig.3
Morphological and behavioral plasticity of larval anurans in response to different predators,Fig.3,Rana_catesbeiana,15.95,1.9,10,2.87,1,10,SE,Activity,percent active,1,Mixed,Lab,Lab,No,CC,Juvenille,45,No,entries are left to right from fig.3
Morphological and behavioral plasticity of larval anurans in response to different predators,Fig.3,Rana_catesbeiana,15.95,1.9,10,10.37,2.4,10,SE,Activity,percent active,1,Mixed,Lab,Lab,No,CC,Juvenille,45,No,entries are left to right from fig.3
Morphological and behavioral plasticity of larval anurans in response to different predators,Fig.3,Rana_catesbeiana,15.95,1.9,10,6.06,1.91,10,SE,Activity,percent active,1,Mixed,Lab,Lab,No,CC,Juvenille,45,No,entries are left to right from fig.3
Morphological and behavioral plasticity of larval anurans in response to different predators,Fig.3,Rana_clamitans,8.94,3.3,10,4.95,1,10,SE,Activity,percent active,1,Mixed,Lab,Lab,No,CC,Juvenille,45,No,entries are left to right from fig.3
Morphological and behavioral plasticity of larval anurans in response to different predators,Fig.3,Rana_clamitans,8.94,3.3,10,0.64,0.5,10,SE,Activity,percent active,1,Mixed,Lab,Lab,No,CC,Juvenille,45,No,entries are left to right from fig.3
Morphological and behavioral plasticity of larval anurans in response to different predators,Fig.3,Rana_clamitans,8.94,3.3,10,4.63,0.62,10,SE,Activity,percent active,1,Mixed,Lab,Lab,No,CC,Juvenille,45,No,entries are left to right from fig.3
Morphological and behavioral plasticity of larval anurans in response to different predators,Fig.3,Rana_clamitans,8.94,3.3,10,3.51,0.6,10,SE,Activity,percent active,1,Mixed,Lab,Lab,No,CC,Juvenille,45,No,entries are left to right from fig.3